elem,allapot,bizonyitek,megjegyzes
searchcontainer/starsearch,megvan,PicasaPy/MainToolbar.qml,"Csillag-szűrő: nálunk a ★ jel a keresősáv mellett (controller.showStarred), felirat nélkül"
searchcontainer/geotagsearch,megvan,PicasaPy/MainToolbar.qml,Geo-szűrő: objectName geoFilter + icons/geo-pin.svg (controller.showGeotagged)
searchcontainer/searchclr,megvan,PicasaPy/MainToolbar.qml,Keresés törlése: objectName searchClear (a ✕ gomb a mezőben)
outputlayout/ebutton,megvan,PicasaPy/TrayBar.qml,"Nálunk „E-Mail” a felirata, az eredetiben „Email” — kötőjel miatt nem egyezik szó szerint"
outputlayout/folderbutton,megvan,PicasaPy/TrayBar.qml;PicasaPy/ExportDialogs.qml,Az „Export” tálcagomb az Exportálás párbeszédet nyitja
throttle/throttlethumb,megvan,PicasaPy/PicasaScrollBar.qml,A görgetősáv fogantyúja — nálunk névtelen Rectangle a PicasaScrollBar-ban
acquirepanel/rotate1button,megvan,PicasaPy/ImportSourceDialog.qml,Forgatás importáláskor: objectName importRotateRight:<index> a bélyegkép-rácson (399. sor)
acquirepanel/rotate2button,megvan,PicasaPy/ImportSourceDialog.qml,Forgatás importáláskor (balra): objectName importRotateLeft:<index> (397. sor)
acquirepanel/startoggle,megvan,PicasaPy/ImportSourceDialog.qml,Csillagozás importáláskor: objectName importStar:<index> (424. sor)
acquirepanel/excludetoggle,megvan,PicasaPy/ImportSourceDialog.qml,Kihagyás/felvétel képenként: importSourceToggle:<index> + Exclude All / Include All (335/340/453. sor)
acquirepanel/import_selected,megvan,PicasaPy/ImportSourceDialog.qml,"A kijelöltek importálása: a kihagyás-kapcsolóval szűrt készlet megy át, egyetlen Import gombbal (629. sor)"
acquirepanel/anowbutton,megvan,PicasaPy/ImportSourceDialog.qml,Az összes importálása: Include All után az Import gomb (341/629. sor)
acquirepanel/acancelbutton,megvan,PicasaPy/ImportSourceDialog.qml,Mégse: a Close gomb (638. sor)
acquirepanel/delete_menu,megvan,PicasaPy/ImportSourceDialog.qml,After Copying hármas rádió: Leave card alone / Delete only copied photos / Delete everything on card (548/555/562. sor)
acquirepanel/searchstatus,megvan,PicasaPy/ImportSourceDialog.qml,Keresési állapot: importSourceBusyIndicator + importSourceCountText + importSourceEmptyText (304/311/319. sor)
acquirepanel/subfolder_menu,megvan,PicasaPy/ImportSourceDialog.qml,"Almappa-elnevezés hármasa: kézi cím / dátum szerint / mai dátum — importSourceNamingManualRadio, ...ByDateRadio, ...TodayRadio (503/521/528. sor)"
collagepanel/makedesktop,megvan,PicasaPy/CollagePanel.qml,"„Desktop Background” gomb (collageMakeDesktopButton, 190. sor); a buboréksúgó szövege majdnem szó szerint az eredetié, de nem betűre — ezért nem párosult gépi úton"
collagepanel/sharebutton,megvan,PicasaPy/CollagePanel.qml,"„Create Collage” gomb (collageShareButton, 201. sor); buboréksúgója az eredetiét követi (Collages album, Projects gyűjtemény)"
collagepanel/tab2,megvan,PicasaPy/CollagePanelTabBar.qml,"„Clips (%1)” fül (collageClipsTabButton, 51. sor) — a darabszám miatt nem egyezik szó szerint a „Clips”-szel"
collagepanel/deleteclips,megvan,PicasaPy/CollageClipsTab.qml,„Remove the selected pictures from the tray” buboréksúgó (119. sor) — az eredeti szövege „Remove selected clips from the tray”
collagepanel/caption_checkbox,megvan,PicasaPy/CollageSettingsTab.qml,"Képfelirat-kapcsoló: collageCaptionCheckbox (499. sor), a controller collageCaptions tulajdonságával (70. sor)"
collagepanel/portrait,megvan,PicasaPy/CollageSettingsTab.qml,"Álló tájolás gomb: collagePortraitButton, a collageOrientation ==  portrait állapottal"
collagepanel/landscape,megvan,PicasaPy/CollageSettingsTab.qml,"Fekvő tájolás gomb: collageLandscapeButton (344. sor), collageOrientation == landscape (352. sor)"
quicktagconfig/recent_checkbox,megvan,PicasaPy/QuickTagsConfigDialog.qml,"quickTagsReserveRecentCheck (84. sor); a felirat nálunk „Reserve the top two buttons…”, az eredetiben „Reserve top two buttons…” — egy szó eltérés miatt nem párosult"
quicktagconfig/recent_checkbox_label,megvan,PicasaPy/QuickTagsConfigDialog.qml,"ua., a jelölőnégyzet felirata (86. sor)"
quicktagconfig/autofill,megvan,PicasaPy/QuickTagsConfigDialog.qml,quickTagsAutoFillCheck (92. sor): „Fill the empty boxes above with frequently used tags”
thumbui/smallthumbs,megvan,PicasaPy/PicasaMenuBar.qml,"Kis indexkép: a Nézet menü thumbSizePreset(96) tétele (301. sor) — nálunk menütétel, az eredetiben eszköztárgomb"
thumbui/largethumbs,megvan,PicasaPy/PicasaMenuBar.qml,"Nagy indexkép: thumbSizePreset(144) (306. sor) — ua., menütételként"
thumbui/rotateleft,megvan,PicasaPy/PhotoContextMenu.qml;PicasaPy/PicasaMenuBar.qml,Forgatás balra: a Kép menüben és a fotó helyi menüjében; az eredetiben eszköztárgomb is
thumbui/rotateright,megvan,PicasaPy/PhotoContextMenu.qml;PicasaPy/PicasaMenuBar.qml,Forgatás jobbra: ua.
thumbui/scratchhold,megvan,PicasaPy/TrayBar.qml,A képtálca „Hold” gombja (trayHold)
thumbui/scratchclear,megvan,PicasaPy/TrayBar.qml,A képtálca „Clear” gombja (trayClear)
thumbui/newalbum,megvan,PicasaPy/FolderPane.qml;PicasaPy/AlbumsSection.qml,Új album létrehozása a bal hasábról
thumbui/newfolder,megvan,PicasaPy/PicasaMenuBar.qml;PicasaPy/FileOpsDialogs.qml,„Áthelyezés új mappába…” a Fájl menüben
editpanel/croptext,megvan,PicasaPy/EditorCropPanel.qml,"Vágás-útmutató: „Choose a size below, then drag on the picture to…” (56. sor) — az eredeti „Select a dimension below and then click and drag…” szövegével egyező tartalom, más megfogalmazásban"
editpanel/crop_aspect_menu,megvan,PicasaPy/EditorCropPanel.qml,Képarány-választó: cropAspectCombo (81. sor) + cropAspectList (109.)
editpanel/crop_delete_custom,megvan,PicasaPy/EditorCropPanel.qml,"Egyéni képarány törlése: cropAspectDelete<index> (164. sor), megerősítéssel („Delete this custom aspect ratio?”, 186.)"
editpanel/cropsug_preview1,megvan,PicasaPy/EditorCropPanel.qml,"Vágás-javaslat 1: cropSuggestion0 (270. sor), a „Suggested crops” sorban (237.)"
editpanel/cropsug_preview2,megvan,PicasaPy/EditorCropPanel.qml,Vágás-javaslat 2: cropSuggestion1 (271. sor)
editpanel/cropsug_preview3,megvan,PicasaPy/EditorCropPanel.qml,Vágás-javaslat 3: cropSuggestion2 (272. sor)
editpanel/retouchtext,megvan,PicasaPy/EditorRetouchPanel.qml,"Retus-útmutató (56. sor), az eredeti szövegének megfelelő tartalommal"
editpanel/redeyetext,megvan,PicasaPy/EditorRedeyePanel.qml,Vörösszem-útmutató (64. sor) + az automatikus javítás visszajelzése (79–80.)
editpanel/retouch_label,megvan,PicasaPy/EditorRetouchPanel.qml,„Retouch” fejléc (47. sor)
editpanel/redeye_label,megvan,PicasaPy/EditorRedeyePanel.qml,„Redeye” fejléc (55. sor)
editpanel/filllight_icon,megvan,PicasaPy/EditorFinetunePanel.qml,"Derítőfény: SliderCaption „Fill Light” + finetuneFillSlider (105., 108. sor)"
editpanel/droppertoggle,megvan,PicasaPy/EditorFinetunePanel.qml,"Semleges színválasztó: finetuneNeutralPicker (208. sor), buboréksúgója az eredetiét követi („Pick a neutral gray or white area of the photo to…”, 211.)"
editpanel/faces_button,megvan,PicasaPy/PhotoViewer.qml,"Arcok megjelenítése/elrejtése: facesToggleButton (1490. sor), a facesVisible kapcsolóval (165–166.)"
editpanel/filter_name,megvan,PicasaPy/EditorParamPanel.qml,Az aktív effekt neve: effectParamTitle (191. sor) a paraméter-panel fejlécében
unknownfaceheaderpanel/ignore,megvan,PicasaPy/UnnamedFacesView.qml,"Kijelöltek mellőzése: ignoreFacesButton (117. sor), buboréksúgóval; a párja az unignoreFacesButton („Stop ignoring”, 109.)"
peoplepanel/manual_add,megvan,PicasaPy/UnnamedFacesView.qml;PicasaPy/FacesOverlay.qml,"Személy kézi hozzáadása: addNameButton („Add a name”, 128. sor); a gesztus-utasítás a FacesOverlay.qml:283-ban van hivatkozva"
tagpanel/add_tag_label,megvan,PicasaPy/TagsPanel.qml,"Címke-beviteli mező helyőrzővel: tagInput (87. sor), „Add a tag…” (91.)"
tagpanel/addtag,megvan,PicasaPy/TagsPanel.qml,Címke hozzáadása gomb: tagAddButton (97. sor)
tagpanel/quick_config,megvan,PicasaPy/TagsPanel.qml,"Gyorscímkék beállítása: quickTagsGearButton (201. sor), a QuickTagsConfigDialog-ot nyitja"
gedialog/tagall,megvan,PicasaPy/PlacesPanel.qml,"Az összes kijelölt geocímkézése: a PlacesPanel a controller.setGeotagRows(appWindow.selectedIndexes, lat, lon)-t hívja (109. sor) — egy hely a TELJES kijelölésre"
editpanel/1to1,megvan,PicasaPy/PhotoViewer.qml:1497,„Valódi méret”: zoomActual() (:217) + zoomActualButton »1:1« felirattal; a #6 építette meg
editpanel/fit,megvan,PicasaPy/PhotoViewer.qml:1490,„Befér a nézetbe”: zoomFit() (:214) + zoomFitButton »⛶« felirattal; dupla kattintásra is (:1432)
editpanel/aa_2up_toggle,megvan,PicasaPy/PhotoViewer.qml:1748,Kettős nézet: az `A A` szegmens (`viewerLayoutAa`) élő QML-vezérlő; kirajzolt és egérrel működő ellenőrzése: `test_kettos_nezet_gombsor_helye_3663.py` és a #3013/#3014 nézetpróbái.
editpanel/ab_2up_toggle,megvan,PicasaPy/PhotoViewer.qml:1738,Kettős nézet: az `A B` szegmens (`viewerLayoutAb`) élő QML-vezérlő; kirajzolt és egérrel működő ellenőrzése: `test_kettos_nezet_gombsor_helye_3663.py` és a #3013/#3014 nézetpróbái.
editpanel/swap_2up_focus,megvan,PicasaPy/PhotoViewer.qml:1761,"A két kép szerkesztési fókuszát váltó (`viewerSwapFocus`) vezérlő, csak kettős nézetben; kirajzolt ellenőrzése a #3663, viselkedését a #3014-es próbák fedik le."
editpanel/swap_2up_layout,megvan,PicasaPy/PhotoViewer.qml:1786,"A kettős nézet vízszintes/függőleges elrendezését váltó (`viewerSwapLayout`) vezérlő; kirajzolt ellenőrzése a #3663, viselkedését a #3014-es próbák fedik le."
editpanel/only_1up_toggle,megvan,PicasaPy/PhotoViewer.qml:1720,Egyképes nézet: az `A` szegmens (`viewerLayoutOnly1up`) élő QML-vezérlő; kirajzolt és egérrel működő ellenőrzése: `test_kettos_nezet_gombsor_helye_3663.py`.
editpanel/fxpreview1,megvan,PicasaPy/ToolTile.qml:76,Az effekt-csempe képe — nálunk STATIKUS SVG (44x30); él-e az eredetiben: #1869 (blokkolt)
makemoviepanel/recompute,lekutatva,picasa-create-features.md,"#1878 utáni pontosítás: a sor eddig `hianyzik` volt, de a megjegyzése maga mondta ki, hogy FEL VAN TÁRVA — NINCS megvalósítva (a CreateDialogs.qml párbeszéde egyből renderel). De FELTÁRVA: #1408 / picasa-create-features.md 2.5b — 0x0061df10 megerősítő párbeszéd + askapplyconfirm. Kutatni NEM kell, megépíteni igen (#432)."
makemoviepanel/sizelist,lekutatva,picasa-create-features.md,"#1878 utáni pontosítás: a sor eddig `hianyzik` volt, de a megjegyzése maga mondta ki, hogy FEL VAN TÁRVA — NINCS megvalósítva (nálunk rögzített magasság-lista, CreateDialogs.qml:241). De FELTÁRVA: #1408 — a moviesize listbox építője 0x00613b50, hét méret. Kutatni NEM kell, megépíteni igen (#432)."
makemoviepanel/add_audio,lekutatva,picasa-create-features.md,"#2093 (3. pont) szerint felülvizsgálva 2026-09-03: a lap TELJES NEVEN leírja (2.1 és a hozzá tartozó szakaszok), tehát FEL VAN TÁRVA — csak nem megépítve. Az eredeti indok megmarad: Hangsáv betöltése — a MovieSettings-ben (slideshow.py:32) nyoma sincs; három opció: CMakeMoviePanel::audiooption0..2"
makemoviepanel/insert_slide,lekutatva,picasa-create-features.md,"#2093 (3. pont) szerint felülvizsgálva 2026-09-03: a lap TELJES NEVEN leírja (2.1 és a hozzá tartozó szakaszok), tehát FEL VAN TÁRVA — csak nem megépítve. Az eredeti indok megmarad: Szövegdia beszúrása — a teljes szövegdia-szerkesztő hiányzik (#432)"
makemoviepanel/transtype_label,lekutatva,picasa-create-features.md,"#2093 (3. pont) szerint felülvizsgálva 2026-09-03: a lap TELJES NEVEN leírja (2.1 és a hozzá tartozó szakaszok), tehát FEL VAN TÁRVA — csak nem megépítve. Az eredeti indok megmarad: »Képváltási stílus« — nálunk egyetlen áttűnés van (slideshow.py:41 transition_seconds)"
makemoviepanel/tab3,lekutatva,picasa-create-features.md,"#2093 (3. pont) szerint felülvizsgálva 2026-09-03: a lap TELJES NEVEN leírja (2.1 és a hozzá tartozó szakaszok), tehát FEL VAN TÁRVA — csak nem megépítve. Az eredeti indok megmarad: A harmadik fül magyar neve »Klipek« (az angol »Options«-szel szemben) — a magyar a mérvadó"
printpanel/3x5button,megvan,PicasaPy/PrintDialog.qml,»3.5 x 5 in« a printSizeLabels tömbben (:93) — a felirat mértékegységgel bővül
printpanel/printlayoutlabel,megvan,PicasaPy/PrintDialog.qml,»Layout:« (:279) — az elrendezés-választó felirata; két rádió (egy kép/lap · indexkép)
printpanel/copieslabel,megvan,PicasaPy/PrintDialog.qml,»Copies of each picture:« (:351) — képenkénti példányszám; a mért eredeti szemantika
printpanel/subprintsbutton,megvan,PicasaPy/PrintDialog.qml,printCopiesMinusButton (:356) — a példányszám csökkentése
printpanel/croptoggle,megvan,PicasaPy/PrintDialog.qml,»Fill the page (crop)« rádió (:543) — a fitMode FILL ága
printpanel/croptogglelabel,megvan,PicasaPy/PrintDialog.qml,ugyanannak a rádiónak a felirata (:543)
printpanel/fittoggle,megvan,PicasaPy/PrintDialog.qml,»Whole picture« rádió (:537) — a fitMode FIT ága
printpanel/fittogglelabel,megvan,PicasaPy/PrintDialog.qml,ugyanannak a rádiónak a felirata (:537)
printpanel/preview,megvan,PicasaPy/PrintDialog.qml,printPreviewImage (:402) — laponkénti előnézeti kép
printpanel/previewlabel,megvan,PicasaPy/PrintDialog.qml,a printPreviewBlock (:397) maga az előnézet-blokk
printpanel/previewnumber,megvan,PicasaPy/PrintDialog.qml,printPreviewPageText (:430) — a mért »%d / %d« alak
printpanel/prevbutton,megvan,PicasaPy/PrintDialog.qml,printPreviewPrevButton (:417)
printpanel/nextbutton,megvan,PicasaPy/PrintDialog.qml,printPreviewNextButton (:439)
printpanel/pcancelbutton,megvan,PicasaPy/PrintDialog.qml,»Close« (:617) — a párbeszéd bezárása
printpanel/selectprinterbutton,megvan,PicasaPy/PrintDialog.qml,printerBox ComboBox (:493) — az elérhető nyomtatók listája plusz PDF-cél
printpanel/printsetuplabel,megvan,PicasaPy/PrintDialog.qml,»Printer:« (:485) — a nyomtatóválasztó felirata
editpanel/fxpreview2,megvan,PicasaPy/EditorEffectsTab1.qml,thumbSource: panel.effectThumbSource(...) — az effekt-csempék ÉLŐ előnézeti képe (#338); Tab1/2/3 12-12 csempe
editpanel/fxpreview3,megvan,PicasaPy/EditorEffectsTab1.qml,ugyanaz a csempe-készlet (:56-:105)
editpanel/fxpreview4,megvan,PicasaPy/EditorEffectsTab1.qml,ugyanaz a csempe-készlet
editpanel/fxpreview5,megvan,PicasaPy/EditorEffectsTab1.qml,ugyanaz a csempe-készlet
editpanel/fxpreview6,megvan,PicasaPy/EditorEffectsTab1.qml,ugyanaz a csempe-készlet
editpanel/fxpreview7,megvan,PicasaPy/EditorEffectsTab2.qml,ugyanaz a csempe-készlet a 2. effekt-fülön
editpanel/fxpreview8,megvan,PicasaPy/EditorEffectsTab2.qml,ugyanaz a csempe-készlet a 2. effekt-fülön
editpanel/fxpreview9,megvan,PicasaPy/EditorEffectsTab2.qml,ugyanaz a csempe-készlet a 2. effekt-fülön
editpanel/fxpreview10,megvan,PicasaPy/EditorEffectsTab3.qml,ugyanaz a csempe-készlet a 3. effekt-fülön
editpanel/fxpreview11,megvan,PicasaPy/EditorEffectsTab3.qml,ugyanaz a csempe-készlet a 3. effekt-fülön
editpanel/fxpreview12,megvan,PicasaPy/EditorEffectsTab3.qml,ugyanaz a csempe-készlet a 3. effekt-fülön
editpanel/magic_lighting,megvan,PicasaPy/EditorFinetunePanel.qml,finetuneLightingWand (:165) buboréksúgó »One-click lighting fix« — HELYESBÍTÉS: a 95c7fb7c hianyzik-nak jelölte; a vezérlő 486e4a4e (2026-08-12) óta megvan
editpanel/magic_color,megvan,PicasaPy/EditorFinetunePanel.qml,finetuneColorWand (:220) buboréksúgó »One-click color fix« — HELYESBÍTÉS: ugyanaz mint a magic_lighting sorban
editpanel/editcircle1,megvan,PicasaPy/EditorFinetunePanel.qml,finetuneNeutralSwatch (:199) — a semleges szín mintája
editpanel/editcircle1_well,megvan,PicasaPy/EditorFinetunePanel.qml,ugyanannak a mintának a foglalata (:199 körül)
editpanel/editcheckbox1,megvan,PicasaPy/EditorParamPanel.qml,effectParamCheckbox<N> (:289) — a paraméteres effektek logikai vezérlői
editpanel/editcheckbox2,megvan,PicasaPy/EditorParamPanel.qml,ugyanaz a repeater (:289)
editpanel/editcontrols,megvan,PicasaPy/EditorParamPanel.qml,effectParamColumn (:171) — a paraméter-vezérlők oszlopa
editpanel/editcontrol_well,megvan,PicasaPy/EditorParamPanel.qml,editorEffectParamScroll (:98) — a vezérlők foglalata
editpanel/slidercircle0,megvan,PicasaPy/EditorParamPanel.qml,effectParamColor (:297) — színválasztó a csúszkasoron
editpanel/slidercircle1,megvan,PicasaPy/EditorParamPanel.qml,ugyanaz a repeater (:297)
editpanel/tabs,megvan,PicasaPy/EditorTabBar.qml,a fülsáv hét gombja (:51-:135) — tudatos eltérés: hét fül öt helyett
editpanel/tab_bkg,megvan,PicasaPy/EditorTabBar.qml,a fülsáv háttere
editpanel/tabpanel1,megvan,PicasaPy/EditorTabCommonFixes.qml,az 1. fül lapja (Gyakori javítások)
editpanel/tabpanel2,megvan,PicasaPy/EditorFinetunePanel.qml,a 2. fül lapja (Finomhangolás)
editpanel/tabpanel3,megvan,PicasaPy/EditorEffectsTab1.qml,a 3. fül lapja (effektek)
editpanel/tabpanel4,megvan,PicasaPy/EditorEffectsTab2.qml,a 4. fül lapja (további effektek)
editpanel/tabpanel5,megvan,PicasaPy/EditorEffectsTab3.qml,az 5. fül lapja (további effektek)
editpanel/preview,megvan,PicasaPy/PhotoViewer.qml,viewerPhotoArea (:1075) — a szerkesztett kép területe
editpanel/previewimage,megvan,PicasaPy/PhotoViewer.qml,a photo Image (:1086) — maga a megjelenített kép
editpanel/prev,megvan,PicasaPy/PhotoViewer.qml,viewerPrevButton (:641) — előző kép a fejlécben
editpanel/next,megvan,PicasaPy/PhotoViewer.qml,viewerNextButton (:709) — következő kép a fejlécben
editpanel/zoomsliderrect,megvan,PicasaPy/PhotoViewer.qml,a nagyítás-csúszka sávja az alsó vezérlősorban (#1420)
editpanel/edittextpanel,megvan,PicasaPy/EditorTextPanel.qml,a teljes szöveg-eszköz panel (:15-:186) — tartalom · betűtípus · méret · félkövér/dőlt/aláhúzott · három igazítás · kitöltő színek
quicktagconfig/edit_0,megvan,PicasaPy/QuickTagsConfigDialog.qml,quickTagField0 (:86) — a #1788 óta EXPLICIT tíz mező (_QUICK_TAG_SLOTS = 10)
quicktagconfig/edit_1,megvan,PicasaPy/QuickTagsConfigDialog.qml,quickTagField1 (:86)
quicktagconfig/edit_2,megvan,PicasaPy/QuickTagsConfigDialog.qml,quickTagField2 (:86)
quicktagconfig/edit_3,megvan,PicasaPy/QuickTagsConfigDialog.qml,quickTagField3 (:86)
quicktagconfig/edit_4,megvan,PicasaPy/QuickTagsConfigDialog.qml,quickTagField4 (:86)
quicktagconfig/edit_5,megvan,PicasaPy/QuickTagsConfigDialog.qml,quickTagField5 (:86)
quicktagconfig/edit_6,megvan,PicasaPy/QuickTagsConfigDialog.qml,quickTagField6 (:86)
quicktagconfig/edit_7,megvan,PicasaPy/QuickTagsConfigDialog.qml,quickTagField7 (:86)
quicktagconfig/edit_8,megvan,PicasaPy/QuickTagsConfigDialog.qml,quickTagField8 (:86) — a #1788 hozta a 9. helyet
quicktagconfig/edit_9,megvan,PicasaPy/QuickTagsConfigDialog.qml,quickTagField9 (:86) — a #1788 hozta a 10. helyet
quicktagconfig/cancel,megvan,PicasaPy/QuickTagsConfigDialog.qml,standardButtons: Dialog.Ok | Dialog.Cancel (:36) — a #1788 óta elvethető a szerkesztés
quicktagconfig/cancel-label,megvan,PicasaPy/QuickTagsConfigDialog.qml,a Cancel gomb felirata (:36)
quicktagconfig/ok-label,megvan,PicasaPy/QuickTagsConfigDialog.qml,az Ok gomb felirata (:36)
thumbui/hviewtoggle,megvan,PicasaPy/MainToolbar.qml:198,A `toolbarFolderViewToggle` a két egymást kizáró mappanézet-gombot tartalmazza; működését és a kirajzolt eszköztár-helyét a #1421/#3603 tesztjei ellenőrzik.
editpanel/picnik_fx,nem-cel,ui-audit-editor.md,Nem cél: a Picnik szolgáltatás 2013-ban megszűnt; a hozzá tartozó effekt-választó nem épül meg.
editpanel/picnik_fx_label,nem-cel,ui-audit-editor.md,Nem cél: a Picnik szolgáltatás 2013-ban megszűnt; a hozzá tartozó effekt-felirat nem épül meg.
keywords/addbutton,megvan,PicasaPy/TagsPanel.qml:83,A `tagAddButton` (`+`) a `panel.submit()` útján hozzáadja a címkét; a címkekezelés és tesztje a TagsPanel komponensben él
keywords/addkeywords_label,megvan,PicasaPy/TagsPanel.qml:77,"Az `Add Tag:` mezőprompt szerepét a `Type in a tag to add:` helyőrző tölti be; ugyanazt a címkebevitelt vezeti be, nincs külön statikus sor"
keywords/closebutton,megvan,PicasaPy/RightDrawer.qml:100,A Címkék panel a jobb oldali fiókban van; a közös `rightDrawerClose` gomb zárja be a panelt
keywords/readonly_label,megvan,PicasaPy/TagsPanel.qml:94,A `tagsReadOnlyNotice` jeleníti meg a hivatalos írásvédett állapotot; a fordítás a picasapy_hu.ts-ben szerepel
keywords/removebutton,megvan,PicasaPy/TagsPanel.qml:150,A címkesor dinamikus `tagRemove-*` gombja eltávolítást kér; a Main.qml a kijelölés címkéjét törli
makemoviepanel/font_label,lekutatva,picasa-create-features.md,"A lap TELJES NEVEN leírja, de a bizonyító szakaszban nincs 0x-cím vagy fájl+sor, ezért a gépi detektor feltáratlannak sorolta (binaris-regeszet-modszertan.md 18./22.)"
makemoviepanel/size_label,lekutatva,picasa-create-features.md,"A lap TELJES NEVEN leírja, de a bizonyító szakaszban nincs 0x-cím vagy fájl+sor, ezért a gépi detektor feltáratlannak sorolta (binaris-regeszet-modszertan.md 18./22.)"
makemoviepanel/style_label,lekutatva,picasa-create-features.md,"A lap TELJES NEVEN leírja, de a bizonyító szakaszban nincs 0x-cím vagy fájl+sor, ezért a gépi detektor feltáratlannak sorolta (binaris-regeszet-modszertan.md 18./22.)"
outputlayout/orderbutton,megvan,PicasaPy/TrayBar.qml:1959,"A `trayOrderButton` a mért cellában megvan, de letiltott és csak kivezetett szolgáltatásként jelenik meg; az online nyomat-rendelés a spec szerint nem cél"
outputlayout/sharewith,megvan,PicasaPy/TrayBar.qml:1976,"A `trayShareButton` a mért cellában megvan, letiltott helyőrzőként; a Hello-integráció megszűnt, aktív backend nem cél"
publish/backup_help,lekutatva,biztonsagi-mentes.md,"Szerkezeti horgony MEGVAN (2026-09-04, biztonsagi-mentes.md 14. szakasz): respack.yt-eltolás, geometria és publish.tre szülősor. A korábbi »nincs 0x-cím vagy fájl+sor« megjegyzés ezzel tárgytalan."
publish/backupcdheader2,lekutatva,biztonsagi-mentes.md,"Szerkezeti horgony MEGVAN (2026-09-04, biztonsagi-mentes.md 14. szakasz): respack.yt-eltolás, geometria és publish.tre szülősor. A korábbi »nincs 0x-cím vagy fájl+sor« megjegyzés ezzel tárgytalan."
publish/backuptext3,lekutatva,biztonsagi-mentes.md,"Szerkezeti horgony MEGVAN (2026-09-04, biztonsagi-mentes.md 14. szakasz): respack.yt-eltolás, geometria és publish.tre szülősor. A korábbi »nincs 0x-cím vagy fájl+sor« megjegyzés ezzel tárgytalan."
publish/giftcdtext,lekutatva,biztonsagi-mentes.md,"Szerkezeti horgony MEGVAN (2026-09-04, biztonsagi-mentes.md 14. szakasz): respack.yt-eltolás, geometria és publish.tre szülősor. A korábbi »nincs 0x-cím vagy fájl+sor« megjegyzés ezzel tárgytalan."
publish/label_rpoptionbox1,lekutatva,biztonsagi-mentes.md,A Feltöltés gomb felirata; a mód-érték 1 (0x0067b1e9)
publish/label_rpoptionbox2,lekutatva,biztonsagi-mentes.md,Az Opciók módosítása gomb felirata; a mód-érték 2 (0x0067b17e)
publish/label_rpoptionbox3,lekutatva,biztonsagi-mentes.md,Az Online eltávolítás gomb felirata; a mód-érték 3 (0x0067b243)
publish/presentcd_help,lekutatva,biztonsagi-mentes.md,"Szerkezeti horgony MEGVAN (2026-09-04, biztonsagi-mentes.md 14. szakasz): respack.yt-eltolás, geometria és publish.tre szülősor. A korábbi »nincs 0x-cím vagy fájl+sor« megjegyzés ezzel tárgytalan."
publish/replicate_button_group,lekutatva,biztonsagi-mentes.md,"Szerkezeti horgony MEGVAN (2026-09-04, biztonsagi-mentes.md 14. szakasz): respack.yt-eltolás, geometria és publish.tre szülősor. A korábbi »nincs 0x-cím vagy fájl+sor« megjegyzés ezzel tárgytalan."
publish/rpoptionbox1,lekutatva,biztonsagi-mentes.md,Feltöltés-mód gomb: kattintásra a CBurnPanel +0xd4 mezője 1 lesz (0x0067b1e9); PicasaPy: PublishPanel.publishUploadMode1
publish/rpoptionbox2,lekutatva,biztonsagi-mentes.md,Opciók módosítása mód: +0xd4 = 2 (0x0067b17e); PicasaPy: PublishPanel.publishUploadMode2
publish/rpoptionbox3,lekutatva,biztonsagi-mentes.md,Online elemek eltávolítása: +0xd4 = 3 (0x0067b243); PicasaPy: PublishPanel.publishUploadMode3; az online művelet nincs bekötve
publish/webpublish_cancel,lekutatva,biztonsagi-mentes.md,"Szerkezeti horgony MEGVAN (2026-09-04, biztonsagi-mentes.md 14. szakasz): respack.yt-eltolás, geometria és publish.tre szülősor. A korábbi »nincs 0x-cím vagy fájl+sor« megjegyzés ezzel tárgytalan."
searchcontainer/timecontainer_label,megvan,PicasaPy/MainToolbar.qml:402,A `dateRangeHover` a `Filter by date range` súgót a `toolbarFiltersLabel` feliratban mutatja; a magyar fordítás hivatalos
searchoptions/label_searchresult,megvan,Main.qml:2535,"A `filterStatusText` a találati sáv eredményfelirata; az eredeti külön `label_searchresult` eleme m_hidden, így nem igényel külön statikus szöveget"
searchoptions/viewallbutton,megvan,Main.qml:2519,A `Back to View All` gomb a szűrt nézetből `controller.clearFilter()` hívással visz vissza az összes elemhez
thumbui/visitweb,nem-cel,picasa-fo-ablak-elrendezes.md,"Nem cél: a `visitweb` képernyőn kívüli parancs-proxy, a hozzá tartozó Picasa webes szolgáltatás megszűnt; nincs élő webes cél, amelyhez felületet kellene építeni."
video_control_bar/moviemode1,megvan,PicasaPy/VideoPlayerControls.qml:62,"A közös videólejátszó teljes képernyős gombja fedi le; ugyanaz a „Play full screen” művelet, mint a video_control_bar2/fullscreen"
video_control_bar/setin,megvan,PicasaPy/VideoPlayerView.qml:160,A `videoSetInButton` a lejátszás aktuális pozícióját kezdetként menti; a működését a #1838-as tesztek ellenőrzik
video_control_bar/setout,megvan,PicasaPy/VideoPlayerView.qml:169,A `videoSetOutButton` a lejátszás aktuális pozícióját végpontként menti; a működését a #1838-as tesztek ellenőrzik
video_control_bar2/1to1,megvan,PicasaPy/VideoPlayerControls.qml:48,"A `videoActualSizeButton` a képkocka természetes méretére vált, a `VideoViewport` középre igazítja és levágja a nézőterületen kívüli részt"
video_control_bar2/fullscreen,megvan,PicasaPy/VideoPlayerControls.qml:62,A `videoFullscreenButton` teljes képernyőre vált; ugyanazt a gombot használja a közös videólejátszó mindkét eredeti sáv funkciójához
thumbui/cdmode,megvan,PicasaPy/PicasaMenuBar.qml:1795;PicasaPy/GiftCdHost.qml:67;PicasaPy/PublishPanel.qml:181,"A Gift CD művelet a Létrehozás menüből nyitja meg a `GiftCdHost`/`PublishPanel` felületet; az eredeti `cdmode` gomb a PicasaPy-ban nem ezen a panelen, hanem a menüben érhető el. Kimenet- és bekötéspróba: a #3503-as Gift CD tesztek."
thumbui/lightbox_esolo_button,nem-cel,binaris-regeszet-modszertan.md 19.,"Az album-szukitett kereses ures allapotanak Search All gombja. A Picasa3.exe NEM tartalmazza sem a nevet, sem a levelnevet, sem a feliratot, sem nevelloallito sablont; m_hidden, tehat kod nelkul nem jelenhet meg. Kivett funkcio maradvanya (#2027)."
thumbui/lightbox_esolo_text,nem-cel,binaris-regeszet-modszertan.md 19.,Ugyanannak az ures allapotnak a No results found in this album felirata. Ugyanaz a negy negativ ellenorzes (#2027).
thumbui/albumsback,nem-cel,binaris-regeszet-modszertan.md 19.,A ket fenti elem kozos szuloje. A neve sincs a binarisban; a gyerekei nelkul onmagaban nincs funkcioja (#2027).
thumbui/hlistsizer,megvan,Main.qml:2294,A `mainSplit` két könyvtárhasáb közötti húzható elválasztója; a valós szélességváltozást a `test_folder_pane_width.py` ellenőrzi.
thumbui/hlisthandle,megvan,Main.qml:2325,"A `folderPaneHandle` kirajzolt, húzható fogantyú a `SplitView` elválasztóján; a működését a `test_folder_pane_width.py` ellenőrzi."
thumbui/acquirebutton,megvan,PicasaPy/MainToolbar.qml:119,Az eredeti elem képernyőn kívüli import-parancs-proxy; a felhasználói út a látható eszköztár-Import gombon és az `ImportSourceDialog` párbeszéden keresztül megvan.
printpanel/photoindexbutton,lekutatva,picasa-nyomtatas.md,az indexkép mint NYOMTATÁSI MÉRET gombja (ytPrintSizes::eContact); a magyar felirat »Indexképek«
editpanel/movietab,megvan,PicasaPy/PhotoViewer.qml:2892,"Videó kiválasztásakor a néző a `videoLoader`-rel videó módra vált, és letiltja a képszerkesztést; ennek a projektben megfelelő felülete a `VideoPlayerView`, nem egy hatodik, kattintható fül. A lejátszó kimenetét a `test_qml_video.py` ellenőrzi."
editpanel/movietabpanel,megvan,PicasaPy/VideoPlayerView.qml:116;PicasaPy/PhotoViewer.qml:2892,"A videó kezelősávja lejátszást, pozíciót, be-/kimeneti pontot, visszaállítást, képkockamentést, időt és hangerőt ad; a `PhotoViewer` tölti be videóhoz. Kimenetpróba: `test_qml_video.py`; a bekötéseket a #1838-as videótesztek őrzik."
editpanel/modaldialogblur,megvan,PicasaPy/PhotoViewer.qml:4390,"A teljes szerkesztő fölötti, párbeszéd nyitásához kötött elhomályosító réteg (`editorModalDialogBlur`); kirajzolt méretét, láthatóságát és modalitását a `test_szerkeszto_homalyositas_2480.py` ellenőrzi."
editpanel/picnikapply,nem-cel,ui-audit-editor.md,Nem cél: a Picnik szolgáltatás 2013-ban megszűnt; az Alkalmaz gomb az elérhetetlen szolgáltatáshoz tartozik.
editpanel/preview2,megvan,PicasaPy/PhotoViewer.qml,"A második képterület a PhotoViewer kétképes elrendezésében jelenik meg; a két oldal kirajzolt és kattintással fókuszálható (#3013, #3014, #3663)."
uploadmgr/cleanup,nem-cel,picasa-feltolteskezelo.md,"Megszűnt online szolgáltatás (Picasa Web Albums, 2016). A tulajdonosi döntés dokumentálva: src/picasapy/help/features/meg-nem-erheto-el.md »Megszűnt szolgáltatások — ezek nem is fognak elkészülni«, és a PicasaMenuBar.qml:1596 retired: true (#638). A viselkedésük mérve: picasa-feltolteskezelo.md (#2529)."
uploadmgr/itemlist,nem-cel,picasa-feltolteskezelo.md,"Megszűnt online szolgáltatás (Picasa Web Albums, 2016). A tulajdonosi döntés dokumentálva: src/picasapy/help/features/meg-nem-erheto-el.md »Megszűnt szolgáltatások — ezek nem is fognak elkészülni«, és a PicasaMenuBar.qml:1596 retired: true (#638). A viselkedésük mérve: picasa-feltolteskezelo.md (#2529)."
uploadmgr/minibutton,nem-cel,picasa-feltolteskezelo.md,"Megszűnt online szolgáltatás (Picasa Web Albums, 2016). A tulajdonosi döntés dokumentálva: src/picasapy/help/features/meg-nem-erheto-el.md »Megszűnt szolgáltatások — ezek nem is fognak elkészülni«, és a PicasaMenuBar.qml:1596 retired: true (#638). A viselkedésük mérve: picasa-feltolteskezelo.md (#2529)."
uploadmgr/pause,nem-cel,picasa-feltolteskezelo.md,"Megszűnt online szolgáltatás (Picasa Web Albums, 2016). A tulajdonosi döntés dokumentálva: src/picasapy/help/features/meg-nem-erheto-el.md »Megszűnt szolgáltatások — ezek nem is fognak elkészülni«, és a PicasaMenuBar.qml:1596 retired: true (#638). A viselkedésük mérve: picasa-feltolteskezelo.md (#2529)."
uploadmgr/resume,nem-cel,picasa-feltolteskezelo.md,"Megszűnt online szolgáltatás (Picasa Web Albums, 2016). A tulajdonosi döntés dokumentálva: src/picasapy/help/features/meg-nem-erheto-el.md »Megszűnt szolgáltatások — ezek nem is fognak elkészülni«, és a PicasaMenuBar.qml:1596 retired: true (#638). A viselkedésük mérve: picasa-feltolteskezelo.md (#2529)."
uploadmgr/throttlechk,nem-cel,picasa-feltolteskezelo.md,"Megszűnt online szolgáltatás (Picasa Web Albums, 2016). A tulajdonosi döntés dokumentálva: src/picasapy/help/features/meg-nem-erheto-el.md »Megszűnt szolgáltatások — ezek nem is fognak elkészülni«, és a PicasaMenuBar.qml:1596 retired: true (#638). A viselkedésük mérve: picasa-feltolteskezelo.md (#2529)."
headerpanel/sync_label,nem-cel,picasa-feltolteskezelo.md,"Megszűnt online szolgáltatás (Picasa Web Albums, 2016). A tulajdonosi döntés dokumentálva: src/picasapy/help/features/meg-nem-erheto-el.md »Megszűnt szolgáltatások — ezek nem is fognak elkészülni«, és a PicasaMenuBar.qml:1596 retired: true (#638). A viselkedésük mérve: picasa-feltolteskezelo.md (#2529)."
headerpanel/sync_options,nem-cel,picasa-feltolteskezelo.md,"Megszűnt online szolgáltatás (Picasa Web Albums, 2016). A tulajdonosi döntés dokumentálva: src/picasapy/help/features/meg-nem-erheto-el.md »Megszűnt szolgáltatások — ezek nem is fognak elkészülni«, és a PicasaMenuBar.qml:1596 retired: true (#638). A viselkedésük mérve: picasa-feltolteskezelo.md (#2529)."
headerpanel/view_online,nem-cel,picasa-feltolteskezelo.md,"Megszűnt online szolgáltatás (Picasa Web Albums, 2016). A tulajdonosi döntés dokumentálva: src/picasapy/help/features/meg-nem-erheto-el.md »Megszűnt szolgáltatások — ezek nem is fognak elkészülni«, és a PicasaMenuBar.qml:1596 retired: true (#638). A viselkedésük mérve: picasa-feltolteskezelo.md (#2529)."
headerpanel/websync1,nem-cel,picasa-feltolteskezelo.md,"Megszűnt online szolgáltatás (Picasa Web Albums, 2016). A tulajdonosi döntés dokumentálva: src/picasapy/help/features/meg-nem-erheto-el.md »Megszűnt szolgáltatások — ezek nem is fognak elkészülni«, és a PicasaMenuBar.qml:1596 retired: true (#638). A viselkedésük mérve: picasa-feltolteskezelo.md (#2529)."
acquirepanel/add_groups_button,nem-cel,picasa-feltolteskezelo.md,"Megszűnt online szolgáltatás (Picasa Web Albums, 2016). A tulajdonosi döntés dokumentálva: src/picasapy/help/features/meg-nem-erheto-el.md »Megszűnt szolgáltatások — ezek nem is fognak elkészülni«, és a PicasaMenuBar.qml:1596 retired: true (#638). A viselkedésük mérve: picasa-feltolteskezelo.md (#2529)."
acquirepanel/selected_groups_label,nem-cel,picasa-feltolteskezelo.md,"Megszűnt online szolgáltatás (Picasa Web Albums, 2016). A tulajdonosi döntés dokumentálva: src/picasapy/help/features/meg-nem-erheto-el.md »Megszűnt szolgáltatások — ezek nem is fognak elkészülni«, és a PicasaMenuBar.qml:1596 retired: true (#638). A viselkedésük mérve: picasa-feltolteskezelo.md (#2529)."
acquirepanel/share_with_label,nem-cel,picasa-feltolteskezelo.md,"Megszűnt online szolgáltatás (Picasa Web Albums, 2016). A tulajdonosi döntés dokumentálva: src/picasapy/help/features/meg-nem-erheto-el.md »Megszűnt szolgáltatások — ezek nem is fognak elkészülni«, és a PicasaMenuBar.qml:1596 retired: true (#638). A viselkedésük mérve: picasa-feltolteskezelo.md (#2529)."
acquirepanel/upload_label,nem-cel,picasa-feltolteskezelo.md,"Megszűnt online szolgáltatás (Picasa Web Albums, 2016). A tulajdonosi döntés dokumentálva: src/picasapy/help/features/meg-nem-erheto-el.md »Megszűnt szolgáltatások — ezek nem is fognak elkészülni«, és a PicasaMenuBar.qml:1596 retired: true (#638). A viselkedésük mérve: picasa-feltolteskezelo.md (#2529)."
makemoviepanel/previewimage,lekutatva,picasa-create-features.md,"Szerkezeti/rejtett előnézeti réteg: a moviebk gyereke, `m_hidden` — makemoviepanel.tre:15–16; a #3328 audit lezárta, önálló vezérlőként nem értékelendő."
makemoviepanel/previewpanel,lekutatva,picasa-create-features.md,"Az előnézeti terület tartója az insetleft alatt; a moviebk ennek gyereke — makemoviepanel.tre:515–520; #3328, szerkezeti elem."
makemoviepanel/tabs,lekutatva,picasa-create-features.md,"A fülsáv tartója az edittabbase alatt — makemoviepanel.tre:554–565; #3328, nem önálló vezérlő."
makemoviepanel/tabpanel1,lekutatva,picasa-create-features.md,"Az első Movie fül tartója, a tab1 showtarget-je — makemoviepanel.tre:103–111 és :267–269; #3328, szerkezeti elem."
makemoviepanel/tabpanel3,lekutatva,picasa-create-features.md,"A harmadik Options/Klipek fül tartója, a tab3 showtarget-je — makemoviepanel.tre:402–410 és :509–511; #3328, szerkezeti elem."
thumbui/editpanel,megvan,Main.qml:2294,A rejtett eredeti alap-panelnek nincs külön gombja; a PicasaPy könyvtárnézetének panelgyökere a `mainSplit` a `Main.qml`-ben.
thumbui/listdetail,megvan,PicasaPy/LightboxFeed.qml:13,Az album tartalmi nézete a `LightboxFeed` listában jelenik meg; az eredeti rejtett alternatív állapot nem külön művelet.
