panel,allapot,qml_fajlok,megjegyzes
acquirepanel,parositva,PicasaPy/PicasaImportDialog.qml;PicasaPy/ImportSourceDialog.qml;PicasaPy/ImportProgressPanel.qml;PicasaPy/ImportDropArea.qml,"Importáló panel — nálunk párbeszédablak, nem teljes értékű bal oldali panel"
activity,parositva,PicasaPy/ActivityBadge.qml,A helyi háttérművelet-jelző megvan; az eredeti activitybutton viszont a megszűnt Picasa Web Albums Feltöltéskezelőjét nyitotta.
bigslider,parositva,PicasaPy/PicasaSlider.qml,Közös csúszka-komponens
brushslider,parositva,PicasaPy/PicasaSlider.qml,Ecsetméret-csúszka (retusálás)
burstslider,parositva,PicasaPy/PicasaSlider.qml,Közös csúszka-komponens
buttonmgr,parositva,PicasaPy/ConfigureButtonsDialog.qml,"A gombsáv-testreszabó párbeszéd már megvan (#1792): két lista, műveletgombok, OK/Mégse; a főablak nyitja meg."
buzzupload,nem-cel,,"Google Buzz feltöltés — a szolgáltatás megszűnt, nem cél"
canoncapturemoviepanelpopup,nem-cel,,Canon SDK-s kamerafelvétel — nem cél
capturemoviepanelpopup,parositva,PicasaPy/CaptureMoviePanelPopup.qml;PicasaPy/CaptureMovieMedia.qml,Webkamerás videó- és pillanatképrögzítés; külön kamera- és hangforrás; kliplejátszás a panelen (#4137)
choose_mail,parositva,PicasaPy/EmailChoiceDialog.qml,"A választó és a szerkesztő közös felülete (#4135); a megszűnt Gmail-belépési út látható, de letiltott"
collab,nem-cel,,"Picasa Web Albums közös album — a szolgáltatás megszűnt, nem cél"
collagepanel,parositva,PicasaPy/CreateDialogs.qml;PicasaPy/CollagePanel.qml;PicasaPy/CollagePanelTabBar.qml;PicasaPy/CollagePanelTabButton.qml;PicasaPy/CollageSettingsTab.qml;PicasaPy/CollageClipsTab.qml;PicasaPy/CollageActionRow.qml;PicasaPy/CollageZOrderColumn.qml;PicasaPy/CollageSnapColumn.qml;PicasaPy/CollageRandomRow.qml;PicasaPy/CollageContextMenus.qml;PicasaPy/CollageCanvas.qml;PicasaPy/CollageFormatMenu.qml;PicasaPy/CollageThemePopup.qml;PicasaPy/CollageBorderPicker.qml;PicasaPy/CollageBackgroundBox.qml;PicasaPy/CollageNode.qml;PicasaPy/CollageGroupNode.qml;PicasaPy/CollageSheet.qml;PicasaPy/CollageRing.qml;PicasaPy/CollageProgressOverlay.qml;PicasaPy/CollageDialogs.qml;PicasaPy/CollageDraftDialog.qml;PicasaPy/CollageDoneNotice.qml,"A kollázs-szerkesztő panel MEGVAN (2026-08-31 mérés): 23 Collage*.qml. A korábbi sor egyetlen fájlra mutatott és azt írta, hogy nincs interaktív szerkesztő — ez ELAVULT volt, és a panel mind a 36 elemét hiánynak jelezte."
compose_mail,parositva,PicasaPy/EmailChoiceDialog.qml,"Címzett, tárgy, törzs és mellékletek szerkesztése, majd átadása az alapértelmezett levelezőnek (#4135)"
compose_share,nem-cel,,"PWA megosztási meghívó szerkesztő — a szolgáltatás 2016-ban megszűnt; album-láthatóság, együttműködők, címzettek, csoportok"
durationslider,parositva,PicasaPy/PicasaSlider.qml,Közös csúszka-komponens
editoneup,parositva,PicasaPy/PhotoViewer.qml,Egyképes nézet szerkesztés közben
editpanel,parositva,PicasaPy/EditorPanel.qml;PicasaPy/EditorTabBar.qml;PicasaPy/EditorTabCommonFixes.qml;PicasaPy/EditorFinetunePanel.qml;PicasaPy/EditorEffectsTab1.qml;PicasaPy/EditorEffectsTab2.qml;PicasaPy/EditorEffectsTab3.qml;PicasaPy/EditorEffectsTab4.qml;PicasaPy/EditorLegacyTab.qml;PicasaPy/EditorCropPanel.qml;PicasaPy/EditorRedeyePanel.qml;PicasaPy/EditorRetouchPanel.qml;PicasaPy/EditorParamPanel.qml;PicasaPy/EditorDialogs.qml;PicasaPy/EditTabButton.qml;PicasaPy/EditTabIcon.qml;PicasaPy/CropOverlay.qml;PicasaPy/HistogramBox.qml;PicasaPy/AddCustomAspectRatioDialog.qml;PicasaPy/EditOverwriteDialog.qml;PicasaPy/BatchEditProgressPanel.qml;PicasaPy/ToolTile.qml;PicasaPy/PhotoViewer.qml;PicasaPy/VideoPlayerView.qml,"A szerkesztő teljes bal oldali panelje minden fülével — ÉS a gazdája, a PhotoViewer.qml (fejléc, előnézet, nagyítás-csúszka, felirat, kettős nézet); a videómód lejátszója a VideoPlayerView.qml"
editpanelactivity,nincs-megfeleltetes,,Belső töltésjelző a szerkesztőben — nincs külön elemünk
editslider1,parositva,PicasaPy/PicasaSlider.qml,Közös csúszka-komponens
editslider2,parositva,PicasaPy/PicasaSlider.qml,Közös csúszka-komponens
editslider3,parositva,PicasaPy/PicasaSlider.qml,Közös csúszka-komponens
editslider4,parositva,PicasaPy/PicasaSlider.qml,Közös csúszka-komponens
edittextpanel,parositva,PicasaPy/EditorTextPanel.qml;PicasaPy/TextColorSwatches.qml,Szöveg-eszköz panelje
faceheaderpanel,parositva,PicasaPy/LightboxHeader.qml;PicasaPy/UnnamedFacesView.qml;PicasaPy/FacesOverlay.qml;PicasaPy/PeopleAlbumContextMenu.qml;PicasaPy/PhotoContextMenu.qml,Névvel ellátott arc-album fejléce; az Emberek-album indexkép-beállító menüpontja és súgója a PhotoContextMenu.qml-ben van
flightslider1,parositva,PicasaPy/PicasaSlider.qml,Közös csúszka-komponens
foldermgr,parositva,PicasaPy/FolderManagerDialog.qml;PicasaPy/FolderContextMenu.qml;PicasaPy/FolderHierarchyView.qml;PicasaPy/FolderStatePanel.qml,"A mappakezelő párbeszéd mellett a mappaműveletek és állapotfeliratok a FolderStatePanel, FolderHierarchyView és FolderContextMenu fájlokban élnek."
gedialog,parositva,PicasaPy/PlacesPanel.qml;PicasaPy/PlacesMap.qml;PicasaPy/PicasaMenuBar.qml,A Geotag menüparancs a PicasaMenuBar-ben és a Helyek panelben megvan; az önálló Google Earth-párbeszéd elavult online integráció.
geopanel,parositva,PicasaPy/PlacesPanel.qml;PicasaPy/PlacesMap.qml,Helyek panel
headerpanel,parositva,PicasaPy/LightboxHeader.qml;PicasaPy/TrayBar.qml,"A mappafejléc a LightboxHeader.qml-ben, a Create Movie Presentation gomb és súgója az alsó sáv TrayBar.qml-jében van."
initialscan,parositva,PicasaPy/InitialScanDialog.qml,Első indítás — mit vizsgáljunk át
instructionpanel,nem-cel,,A Picasa betanító buborék és a picasa.google.com/support hivatkozás nem része a helyi alkalmazásnak; a szolgáltatás elérhetetlen.
keywords,parositva,PicasaPy/TagsPanel.qml,Címkeszerkesztő
lengthslider,parositva,PicasaPy/PicasaSlider.qml,Közös csúszka-komponens
makemoviepanel,parositva,PicasaPy/CreateDialogs.qml,Csak a filmkészítő párbeszéd van meg; interaktív filmkészítő panel nincs
modalprogress,parositva,PicasaPy/ImportProgressPanel.qml;PicasaPy/BatchEditProgressPanel.qml,Modális folyamatjelző
moviecontrols,parositva,PicasaPy/VideoPlayerView.qml,Lejátszás/szünet a videón
movieeditpanel,parositva,PicasaPy/VideoPlayerView.qml,Videovágó panel
nav,nincs-megfeleltetes,,"A nav.tre egy szerkesztői nagyítás-navigátor lebegőablakát írja le; ilyen navigátor nincs a PhotoViewerben, ezért a nav/close nem cél."
nerdview,parositva,PicasaPy/PerfMonitorPanel.qml;PicasaPy/HistogramBox.qml,Fejlesztői/diagnosztikai réteg
oneup,parositva,PicasaPy/PhotoViewer.qml,Egyképes nézet a könyvtárban
outlineweightslider,parositva,PicasaPy/PicasaSlider.qml,Közös csúszka-komponens
outputlayout,parositva,PicasaPy/TrayBar.qml,A tálca alatti kimeneti gombsáv
panelroot,parositva,Main.qml;PicasaPy/MainToolbar.qml,Legfelső panelváltó (Könyvtár / Import / Kollázs / Film / Felvétel)
peoplepanel,parositva,PicasaPy/PeoplePanel.qml;PicasaPy/PeoplePanelRow.qml;PicasaPy/FacesOverlay.qml;PicasaPy/UnnamedFacesView.qml,"A lista és állapotüzenet a PeoplePanel-ben, a kézi arcfelvétel megszakítása a FacesOverlay-ben, a névtelen arcok műveletei az UnnamedFacesView-ben vannak."
pickerpanel,parositva,PicasaPy/TextColorSwatches.qml,Színválasztó paletta + legutóbbiak
printborderslider,parositva,PicasaPy/PicasaSlider.qml,Közös csúszka-komponens
printoptions,parositva,PicasaPy/PrintOptionsPanel.qml;PicasaPy/PrintDialog.qml,Nyomtatási szegély- és feliratopciók (#1780); a Beállítások „Nyomtatás” füle MÁS panel
printpanel,parositva,PicasaPy/PrintDialog.qml,"Nyomtatási panel és előnézet — nálunk párbeszédablak (PrintDialog.qml, 631 sor), a DPI-őrrel együtt (#1782)"
propertiespanel,parositva,PicasaPy/PropertiesPanel.qml,Tulajdonságlista a jobb oldali fiókban
publish,parositva,PicasaPy/PublishPanel.qml;PicasaPy/GiftCdHost.qml;PicasaPy/BackupHost.qml,A panel 21 mért vezérlője megvan (#2508). Az Ajándék-CD és a biztonsági mentés a menüből nyílik és a spec szerinti mappa/ISO-kimenetet készíti (#3503/#3504/#2074); a feltöltési módválasztó a CBurnPanel +0xd4 mezőjét 1/2/3-ra állítja (#4126). Az online művelet és a rejtett web_group hét eleme hatókörön kívül marad.
quicktagconfig,parositva,PicasaPy/QuickTagsConfigDialog.qml,Gyorscímke-beállító
rightdrawerpanel,parositva,PicasaPy/RightDrawer.qml;PicasaPy/PropertiesPanel.qml,Jobb oldali fiók kerete és tulajdonságpanelje
scaleslider,parositva,PicasaPy/PicasaSlider.qml,Közös csúszka-komponens
scratch,nincs-megfeleltetes,,Belső rajzfelület (album-előnézet összeállítása) — nem felhasználói felület
searchcontainer,parositva,Main.qml;PicasaPy/MainToolbar.qml;PicasaPy/SearchSuggestions.qml,Keresőmező és szűrőgombjai; a javaslatok bekötése a Main.qml-ben él
searchoptions,parositva,Main.qml;PicasaPy/SearchGroupHeader.qml;PicasaPy/MainToolbar.qml,Keresési eredmény fejléce és a találati sáv
slideshowctrls,parositva,PicasaPy/SlideshowView.qml,Diavetítés vezérlői
spacing_slider,parositva,PicasaPy/PicasaSlider.qml,Közös csúszka-komponens
tagpanel,parositva,PicasaPy/TagsPanel.qml,Címke oldalsó panel
textopacityslider,parositva,PicasaPy/PicasaSlider.qml,Közös csúszka-komponens
throttle,parositva,PicasaPy/PicasaScrollBar.qml,Gyorsgörgető a rács jobb szélén
thumbui,parositva,PicasaPy/MainToolbar.qml;PicasaPy/LightboxFeed.qml;PicasaPy/ThumbDelegate.qml;PicasaPy/TrayBar.qml;PicasaPy/TimelineView.qml;PicasaPy/PicasaScrollBar.qml;PicasaPy/FolderPane.qml;PicasaPy/FolderTreeItem.qml;PicasaPy/FolderStateBadge.qml;PicasaPy/SlideshowView.qml;Main.qml,A fő könyvtárnézet egésze
timeslider,parositva,PicasaPy/PicasaSlider.qml,Közös csúszka-komponens
titledialog,nincs-megfeleltetes,,Filmes címdia-szerkesztő párbeszéd — nincs nálunk
toolslider,parositva,PicasaPy/PicasaSlider.qml,Közös csúszka-komponens
transitionslider,parositva,PicasaPy/PicasaSlider.qml,Közös csúszka-komponens
unknownfaceheaderpanel,parositva,PicasaPy/UnnamedFacesView.qml,Névtelen arcok fejléce
upload,nem-cel,,"Picasa Web Albums feltöltő párbeszéd — a szolgáltatás 2016-ban megszűnt; a panel MINDEN eleme a PWA-hoz köt (album-lista, láthatóság, együttműködők, tárhely-bővítés)"
uploadallinstructionpanel,nem-cel,,A csoportos webes feltöltéshez tartozó betanító buborék megszűnt Picasa Web Albums-funkcióhoz kötődik.
uploadmgr,nincs-megfeleltetes,,Feltöltés-kezelő (szüneteltetés/folytatás) — nincs nálunk
video_control_bar,parositva,PicasaPy/VideoPlayerView.qml,Videó vezérlősáv (vágás is)
video_control_bar2,parositva,PicasaPy/VideoPlayerView.qml,Videó vezérlősáv második változata
wait_dialog,parositva,PicasaPy/BatchEditProgressPanel.qml;PicasaPy/ConfirmDialog.qml,Modális várakozó ablak
zoomslider,parositva,PicasaPy/PicasaSlider.qml,Közös csúszka-komponens
